序号,Banner ID,终端,参考原图终端,参考原图尺寸,新版尺寸,文件大小KB,新版文件,SHA256,官方Logo角标
001,6edaf430-533a-4f30-b04f-0ff58f3b0c68,APP轮播图,APP轮播图,3580 × 1050,1000 × 206,115.6,001_6edaf430-533a-4f30-b04f-0ff58f3b0c68_8.0.jpg,0ef756407fe0d46c2e12171bdaddf2f4da3853ba4c40732e46f8f475aaf07269,无需替换
002,a8aeea70-903f-41f8-b8a9-1855e664f1af,APP轮播图 / 小程序轮播图,APP轮播图,690 × 200,1000 × 206,96.5,002_a8aeea70-903f-41f8-b8a9-1855e664f1af_8.0.jpg,d0c55284944067bb6e70e6db6d8481ade15f52cda81d4c00521a7f16aa97da59,反白
003,ee379dbf-71c6-4df6-92cf-cdbe40a52f8c,小程序轮播图,小程序轮播图,580 × 170,1000 × 206,213.8,003_ee379dbf-71c6-4df6-92cf-cdbe40a52f8c_8.0.jpg,4411aa588ea4753c30b4b595afb60f13857762d42536f22f47e56696d3e0a1e7,无需替换
004,b2feb3ca-3f3e-4bec-a95a-e93d3ea24565,APP轮播图 / 小程序轮播图,APP轮播图,1034 × 300,1000 × 206,236.5,004_b2feb3ca-3f3e-4bec-a95a-e93d3ea24565_8.0.jpg,5a560b532d44de13cca16f20d6542c6aca792225dc0f6bd791b3dca856b13feb,无需替换
005,2786b003-673f-41f0-89ca-96a39b589813,APP轮播图 / 小程序轮播图,APP轮播图,690 × 200,1000 × 206,187.2,005_2786b003-673f-41f0-89ca-96a39b589813_8.0.jpg,68b3ee5abb3c30c864bbc89a83da2a7bd73e47fc1c62f10e1e57ab9d5b8564d2,无需替换
006,0dd7c93c-0211-4ae5-8b80-a747b7942652,APP轮播图,APP轮播图,690 × 200,1000 × 206,172.8,006_0dd7c93c-0211-4ae5-8b80-a747b7942652_8.0.jpg,0fd057cc0ee3e8686d10bf40cc5e0f48823264acc3368510bc2364fd1c2496d2,彩色
007,b1d1c722-9934-4f09-873f-9e1f10085061,小程序轮播图,小程序轮播图,500 × 500,1000 × 206,119.8,007_b1d1c722-9934-4f09-873f-9e1f10085061_8.0.jpg,9f4593a50f920dcaca675470b969f62269e51ab3168a074806a60082a2401c55,无需替换
008,3a500cca-630c-4f81-b595-100bc2599639,APP轮播图 / 小程序轮播图,APP轮播图,690 × 200,1000 × 206,135.9,008_3a500cca-630c-4f81-b595-100bc2599639_8.0.jpg,c665cb23aff311a78880dba2c1698b081bb93d40e9cc7967d5bf8c6678fdf6e6,反白
009,1c91f551-5547-4f44-a770-15ee0e621803,APP轮播图,APP轮播图,690 × 200,1000 × 206,199.0,009_1c91f551-5547-4f44-a770-15ee0e621803_8.0.jpg,6e74313a3755e0f68b503b7a263ddb21e11ef0a0398fb065c29f7eafb7421c05,无需替换
010,d06dfbba-f603-4b6d-98ed-9779d78549e1,APP轮播图 / 小程序轮播图,APP轮播图,3127 × 906,1000 × 206,146.9,010_d06dfbba-f603-4b6d-98ed-9779d78549e1_8.0.jpg,31778fce4dd29163f1918e0e2157da0b09b6fe8e47f63a78bd6af6153da99ffb,无需替换
011,ffbf3c1a-13a6-4f64-bff9-6d9fc5e73fca,APP轮播图 / 小程序轮播图,APP轮播图,690 × 200,1000 × 206,96.5,011_ffbf3c1a-13a6-4f64-bff9-6d9fc5e73fca_8.0.jpg,d0c55284944067bb6e70e6db6d8481ade15f52cda81d4c00521a7f16aa97da59,反白
012,c0666c7a-b233-4b4e-9abf-52270ae7b3e0,APP轮播图,APP轮播图,2062 × 400,1000 × 206,169.7,012_c0666c7a-b233-4b4e-9abf-52270ae7b3e0_8.0.jpg,8c6760bcf7055639eea3a88497372f4139c90e16a5b2d16d3a38644491130913,无需替换
013,996cb3fc-4187-4164-9a13-f55faef62e02,APP轮播图,APP轮播图,690 × 200,1000 × 206,119.0,013_996cb3fc-4187-4164-9a13-f55faef62e02_8.0.jpg,5d3c3406417e5f844cdb69b082396a8be4878053c3a83b9f6b92e12b47baa361,反白
014,a1695379-c0ce-45b9-82c3-a5f0cfcefc7b,APP轮播图 / 小程序轮播图,APP轮播图,690 × 200,1000 × 206,198.8,014_a1695379-c0ce-45b9-82c3-a5f0cfcefc7b_8.0.jpg,854a7a61d9e9d6fa0aada1c5dab17c5e05e534ef412c1b43b18a90a559f12e50,彩色
015,79d631f3-5653-4a76-ba3c-ed178f061c40,小程序轮播图,小程序轮播图,1074 × 315,1000 × 206,166.8,015_79d631f3-5653-4a76-ba3c-ed178f061c40_8.0.jpg,77f921089de7adca7b04b0f360a440cbad496481b6e481c721358f7ed0699bdf,无需替换
016,c429be13-5c90-467e-b9f5-bbbf16fb57c9,APP轮播图 / 小程序轮播图,APP轮播图,690 × 200,1000 × 206,112.7,016_c429be13-5c90-467e-b9f5-bbbf16fb57c9_8.0.jpg,18b342ae30643c953619004f5a2595cc085731257986a7df01202c81452cd356,无需替换
017,851c1675-b74f-4d9b-b3f1-88ac3bff0de0,小程序轮播图,小程序轮播图,1152 × 337,1000 × 206,101.0,017_851c1675-b74f-4d9b-b3f1-88ac3bff0de0_8.0.jpg,849465dfa6e32c49006782ad5e31213a39eb964dff2c9e741bb2fee64d2a1c96,无需替换
018,7cfd588a-f1f0-4741-8f8b-cefd9da770c2,小程序轮播图,小程序轮播图,1074 × 315,1000 × 206,254.5,018_7cfd588a-f1f0-4741-8f8b-cefd9da770c2_8.0.jpg,6d590ae5df1dc11782af8683415e181d293757af1605fd69a7297c697404d121,无需替换
019,c00e424e-66b1-4d2e-862f-3d543dabee21,APP轮播图,APP轮播图,690 × 200,1000 × 206,178.5,019_c00e424e-66b1-4d2e-862f-3d543dabee21_8.0.jpg,b2886f6c1c93876efa4631b5012c9fb57fb61ecc18938abdae6eaa982d122b2d,反白
020,6018ae8e-623b-4972-afa8-9c8a6218919a,小程序轮播图,小程序轮播图,1074 × 315,1000 × 206,170.7,020_6018ae8e-623b-4972-afa8-9c8a6218919a_8.0.jpg,735bdd39049731333213826b1a4a3b108bd180c522b46a74a68e3d3f2ff8e8d5,反白
021,bb3283f7-e171-48b6-855a-c55d7b9e7a30,APP轮播图 / 小程序轮播图,APP轮播图,690 × 200,1000 × 206,166.2,021_bb3283f7-e171-48b6-855a-c55d7b9e7a30_8.0.jpg,34e93b030b46afbdf563223d9cca2b2fd38a3b088d7c035913f41cdc23a09527,无需替换
022,e41f32ef-77df-4914-8ed4-e35527798565,APP轮播图 / 小程序轮播图,APP轮播图,690 × 200,1000 × 206,270.8,022_e41f32ef-77df-4914-8ed4-e35527798565_8.0.jpg,35f5368fc788345976c517ff9d7a319228e5796ff57da8727375a7fc6a9b136c,无需替换
023,ada001f9-9efd-4f8c-a23a-b82b48fec382,APP轮播图 / 小程序轮播图,小程序轮播图,1074 × 315,1000 × 206,194.8,023_ada001f9-9efd-4f8c-a23a-b82b48fec382_8.0.jpg,d44bb19416efcfb8e9bf04f80ea10ad688e919ed2016f53016707d33976a7940,彩色
024,d675dbd6-4d21-490b-87b4-af48ab0ed881,APP轮播图 / 小程序轮播图,小程序轮播图,690 × 204,1000 × 206,253.3,024_d675dbd6-4d21-490b-87b4-af48ab0ed881_8.0.jpg,0de65b4d9a7651ae680a5b5fa03e9cddbd6ee01e54bb85d6adeb34000a38aaab,无需替换
025,4e8a1ab3-bf46-4976-b385-c22cfbd74870,APP轮播图 / 小程序轮播图,APP轮播图,3872 × 1120,1000 × 206,202.9,025_4e8a1ab3-bf46-4976-b385-c22cfbd74870_8.0.jpg,757a5f8aa43cf5b63487b1e9a2608bee553504dea2d2d8d55f7e4286064b7746,无需替换
026,30bb16f6-ab2a-42b1-a9d6-4af93d50f1b9,APP轮播图 / 小程序轮播图,小程序轮播图,1074 × 315,1000 × 206,225.5,026_30bb16f6-ab2a-42b1-a9d6-4af93d50f1b9_8.0.jpg,2cb65c774a33e21fdde2c26164155b6b6661d09f68989313087a887bcab16bb4,无需替换
027,d04598c1-19f5-477d-b764-ab1c039053aa,APP轮播图 / 小程序轮播图,APP轮播图,690 × 200,1000 × 206,105.6,027_d04598c1-19f5-477d-b764-ab1c039053aa_8.0.jpg,b236823e65f0062564ce1cb93844b767f25356bee09aaf620bc0c6a9f9d9dd6f,彩色
028,e555b78e-9a37-458b-91ed-853fc253bc90,APP轮播图 / 小程序轮播图,小程序轮播图,1074 × 315,1000 × 206,111.1,028_e555b78e-9a37-458b-91ed-853fc253bc90_8.0.jpg,94318d3257dc89a1a840087471adcf0a0b76adc9c16526c2147f8b67f76024ee,反白
029,132b7d57-53aa-4473-b4d0-722570063db3,APP轮播图 / 小程序轮播图,小程序轮播图,1074 × 315,1000 × 206,107.7,029_132b7d57-53aa-4473-b4d0-722570063db3_8.0.jpg,2a6a05e5b577b61d1ba7099f3d093716fea8a2d5c769b0b3a7ca0d9395ca6874,反白
030,25d33b7b-6e34-4fb9-bab5-614e623b2464,APP轮播图 / 小程序轮播图,小程序轮播图,1074 × 315,1000 × 206,104.9,030_25d33b7b-6e34-4fb9-bab5-614e623b2464_8.0.jpg,3417ba610533c14fdd35eff9be60a51a5a5a3d8ecde1423548eaee622eacf8d6,反白
031,b574fcaa-f3da-4a49-ae44-d8c985138c81,APP轮播图 / 小程序轮播图,小程序轮播图,1074 × 315,1000 × 206,111.1,031_b574fcaa-f3da-4a49-ae44-d8c985138c81_8.0.jpg,94318d3257dc89a1a840087471adcf0a0b76adc9c16526c2147f8b67f76024ee,反白
032,f6b39c07-2112-487e-985f-173e3a0a8058,APP轮播图 / 小程序轮播图,小程序轮播图,1074 × 315,1000 × 206,111.1,032_f6b39c07-2112-487e-985f-173e3a0a8058_8.0.jpg,94318d3257dc89a1a840087471adcf0a0b76adc9c16526c2147f8b67f76024ee,反白
033,62d00834-7ecf-48f3-92db-4a89efcb95ae,APP轮播图 / 小程序轮播图,小程序轮播图,1074 × 315,1000 × 206,111.1,033_62d00834-7ecf-48f3-92db-4a89efcb95ae_8.0.jpg,94318d3257dc89a1a840087471adcf0a0b76adc9c16526c2147f8b67f76024ee,反白
034,4dc3229b-07d8-4340-9524-0d590defd786,APP轮播图 / 小程序轮播图,小程序轮播图,1074 × 315,1000 × 206,185.8,034_4dc3229b-07d8-4340-9524-0d590defd786_8.0.jpg,6413640d5f9f06b2f45114481f33a17c656033dd6ea859e508c4b611e218afca,无需替换
035,2699d55b-6f09-4d54-9c38-a64ef25d0951,APP轮播图 / 小程序轮播图,小程序轮播图,1074 × 315,1000 × 206,111.1,035_2699d55b-6f09-4d54-9c38-a64ef25d0951_8.0.jpg,94318d3257dc89a1a840087471adcf0a0b76adc9c16526c2147f8b67f76024ee,反白
036,061e5c5d-7686-4e95-9bc4-f0d838eccaec,APP轮播图 / 小程序轮播图,小程序轮播图,1074 × 315,1000 × 206,111.1,036_061e5c5d-7686-4e95-9bc4-f0d838eccaec_8.0.jpg,94318d3257dc89a1a840087471adcf0a0b76adc9c16526c2147f8b67f76024ee,反白
037,bc83fda3-ff57-4bd8-b6f0-40835c2185fb,APP轮播图 / 小程序轮播图,小程序轮播图,1074 × 315,1000 × 206,111.1,037_bc83fda3-ff57-4bd8-b6f0-40835c2185fb_8.0.jpg,94318d3257dc89a1a840087471adcf0a0b76adc9c16526c2147f8b67f76024ee,反白
038,08e7bc49-1f21-42b2-a807-cf994aa5d4a5,APP轮播图 / 小程序轮播图,小程序轮播图,1074 × 315,1000 × 206,111.1,038_08e7bc49-1f21-42b2-a807-cf994aa5d4a5_8.0.jpg,94318d3257dc89a1a840087471adcf0a0b76adc9c16526c2147f8b67f76024ee,反白
039,7b9200bf-13ee-49de-be54-b9c065f89c47,APP轮播图,APP轮播图,920 × 267,1000 × 206,252.0,039_7b9200bf-13ee-49de-be54-b9c065f89c47_8.0.jpg,8dd2e8748ca43020e74b8dfc1f1c8b543973f2cfbe3f2047dc4683608a712589,无需替换
040,8e5cf9f0-07ec-4797-a7c6-f51763dc7704,APP轮播图 / 小程序轮播图,小程序轮播图,1074 × 315,1000 × 206,162.0,040_8e5cf9f0-07ec-4797-a7c6-f51763dc7704_8.0.jpg,dcd336df7bef385598e86c47064b5908059ab6887172ef604d7a41c510ffcca2,反白
041,5644c7aa-68de-40a5-910b-7693c2cc99bb,APP轮播图 / 小程序轮播图,APP轮播图,1074 × 315,1000 × 206,136.6,041_5644c7aa-68de-40a5-910b-7693c2cc99bb_8.0.jpg,1bb8b3a8e2d3325e611afdd1f0b7e7bbb769370d3f5cbf241a499cebc08898c8,反白
042,3ca2f8b8-83a7-4550-901d-4229b248e2f3,APP轮播图 / 小程序轮播图,小程序轮播图,1074 × 315,1000 × 206,162.0,042_3ca2f8b8-83a7-4550-901d-4229b248e2f3_8.0.jpg,dcd336df7bef385598e86c47064b5908059ab6887172ef604d7a41c510ffcca2,反白
043,a1108fdf-3fea-4e35-984c-74eaba5dffd1,APP轮播图 / 小程序轮播图,APP轮播图,690 × 200,1000 × 206,152.7,043_a1108fdf-3fea-4e35-984c-74eaba5dffd1_8.0.jpg,e20f21fbb2c3ececbd7c0a68e634ef1c7280fce3ef6c8731e76ea01cfc145f37,无需替换
044,de5ff12f-0a4d-457e-9b4c-d1989b282fd7,APP轮播图 / 小程序轮播图,APP轮播图,690 × 200,1000 × 206,156.9,044_de5ff12f-0a4d-457e-9b4c-d1989b282fd7_8.0.jpg,09dd007945c7fafd6b12df3cddb14f0b3734cda1d72e10ef8bb6b73224010fb1,无需替换
045,b6d162ad-40d2-4c62-8b31-d72cf14b4d93,APP轮播图 / 小程序轮播图,APP轮播图,690 × 200,1000 × 206,175.6,045_b6d162ad-40d2-4c62-8b31-d72cf14b4d93_8.0.jpg,cae4d4688c003041c529e1df9598aad419c9155879b4bda3e6d44d03fe9d42f5,无需替换
046,9f2979d3-b393-4362-9b13-4a0dcf27bc65,APP轮播图 / 小程序轮播图,小程序轮播图,1030 × 305,1000 × 206,149.8,046_9f2979d3-b393-4362-9b13-4a0dcf27bc65_8.0.jpg,19049c3443ffb8b16f0a3e1efb29bbc912d56ead8a3192c0d4632efbe85e4a68,无需替换
047,ded5d6d4-2329-4779-b5c1-796efcb48e26,APP轮播图,APP轮播图,690 × 200,1000 × 206,107.8,047_ded5d6d4-2329-4779-b5c1-796efcb48e26_8.0.jpg,6a2ee8f3b89cfa82c19a844cfac3f28de53a223babe4a18abcc143713e0b4124,彩色
048,21b5c9d3-8b9f-4d39-b157-1cb857cf3b92,APP轮播图 / 小程序轮播图,APP轮播图,853 × 1280,1000 × 206,169.4,048_21b5c9d3-8b9f-4d39-b157-1cb857cf3b92_8.0.jpg,c2ba56286a6a60bebf3f13943c2a739978c966a176f211856d117469351a57b5,无需替换
049,19de050e-2b0f-41cf-a1e1-bbf9c81ba0d8,APP轮播图 / 小程序轮播图,APP轮播图,690 × 200,1000 × 206,132.0,049_19de050e-2b0f-41cf-a1e1-bbf9c81ba0d8_8.0.jpg,18bb0a397b868e39bfa6af20d07ef7c9811eb398a2c1bfdb72656b496a9db3db,无需替换
050,90db25d6-fae9-4467-9dcd-6c5d7b0a1119,APP轮播图 / 小程序轮播图,小程序轮播图,1074 × 315,1000 × 206,162.0,050_90db25d6-fae9-4467-9dcd-6c5d7b0a1119_8.0.jpg,dcd336df7bef385598e86c47064b5908059ab6887172ef604d7a41c510ffcca2,反白
051,6bf8ebae-000c-41cb-aca5-b4de43651cda,APP轮播图 / 小程序轮播图,小程序轮播图,1074 × 315,1000 × 206,162.0,051_6bf8ebae-000c-41cb-aca5-b4de43651cda_8.0.jpg,dcd336df7bef385598e86c47064b5908059ab6887172ef604d7a41c510ffcca2,反白
052,68d4be7d-97a5-49ed-b3e9-f2ab23687fd7,APP轮播图 / 小程序轮播图,小程序轮播图,1074 × 315,1000 × 206,162.0,052_68d4be7d-97a5-49ed-b3e9-f2ab23687fd7_8.0.jpg,dcd336df7bef385598e86c47064b5908059ab6887172ef604d7a41c510ffcca2,反白
053,5b877491-e781-4f9e-ab63-511b6858e952,APP轮播图 / 小程序轮播图,小程序轮播图,1074 × 315,1000 × 206,162.0,053_5b877491-e781-4f9e-ab63-511b6858e952_8.0.jpg,dcd336df7bef385598e86c47064b5908059ab6887172ef604d7a41c510ffcca2,反白
054,e2f4feda-ecf0-4077-91be-160f140a04e1,APP轮播图 / 小程序轮播图,APP轮播图,690 × 200,1000 × 206,187.1,054_e2f4feda-ecf0-4077-91be-160f140a04e1_8.0.jpg,7b7b4b8c376365427e58201005033be67cd74a23f5cd85910b8d6a4bf8104670,无需替换
055,be69db50-064f-442a-869a-3ccc3f360164,APP轮播图 / 小程序轮播图,APP轮播图,690 × 200,1000 × 206,177.8,055_be69db50-064f-442a-869a-3ccc3f360164_8.0.jpg,4d83b3eee245f452673300d92fe3171bc14a516bf0f6e1bf9c75f661855e8f36,无需替换
056,99e5560d-46bf-4706-9c00-2bbd8e310086,APP轮播图 / 小程序轮播图,APP轮播图,690 × 200,1000 × 206,174.0,056_99e5560d-46bf-4706-9c00-2bbd8e310086_8.0.jpg,ef8865948c4eaeaaa67d7e67fd6edb3ae784455f42cfa5cf3fd574835b7e7bdc,无需替换
057,4a2cb07e-fa2b-4142-a0f6-e7677ad5f281,APP轮播图 / 小程序轮播图,APP轮播图,690 × 200,1000 × 206,173.6,057_4a2cb07e-fa2b-4142-a0f6-e7677ad5f281_8.0.jpg,c3eff54fb5b67d60a7d9913facfe1eec60cb3a37182c6e6c20e6a8b655f6f44c,无需替换
058,d0f9305f-d63d-4f6a-98a6-57c379562339,APP轮播图 / 小程序轮播图,APP轮播图,690 × 200,1000 × 206,161.1,058_d0f9305f-d63d-4f6a-98a6-57c379562339_8.0.jpg,131c4f13b0316a151aefae1a347d2eb856950911b46c61aa177159c95376b288,彩色
059,76fcae2b-55ea-43a1-89e6-725f60c51761,APP轮播图 / 小程序轮播图,APP轮播图,690 × 200,1000 × 206,169.9,059_76fcae2b-55ea-43a1-89e6-725f60c51761_8.0.jpg,7666ff53f5ce3c608d2960ff740971b6a263bea4edc6e09d9cc603f0ab4ec556,无需替换
060,0b3aa6f5-17f6-49e9-b5ab-a4d95f8cd829,APP轮播图,APP轮播图,690 × 200,1000 × 206,192.4,060_0b3aa6f5-17f6-49e9-b5ab-a4d95f8cd829_8.0.jpg,5eb338413b8b7261cad07fb26264e6106d0b29e4589cab03c86013ec219c56d9,反白
061,c1057684-597d-4d14-9669-ab0d90fa09fe,APP轮播图,APP轮播图,622 × 224,1000 × 206,128.9,061_c1057684-597d-4d14-9669-ab0d90fa09fe_8.0.jpg,37debf6e8e3e49ee30f9f24a1e24ab91ba7bdcbcf63d9cf216bccb12bc7554e8,反白
062,77beb54d-acb4-49fa-ab5b-9735692f12a8,APP轮播图,APP轮播图,622 × 224,1000 × 206,115.6,062_77beb54d-acb4-49fa-ab5b-9735692f12a8_8.0.jpg,6507abcbd3c8d23bd4b4813be03b2200fa37061204643aaa2fc7da9c6b1aa123,反白
063,8b59dee7-6b0e-4a8a-bf38-01e292599c21,APP轮播图 / 小程序轮播图,APP轮播图,716 × 200,1000 × 206,129.2,063_8b59dee7-6b0e-4a8a-bf38-01e292599c21_8.0.jpg,bee32c0f7bd186757b342ba36500b9b07a4a4ea9f5624e155355e87f0d39fa80,无需替换
064,a2fa024a-a7de-49fc-b28f-477ff7ee271c,APP轮播图,APP轮播图,690 × 200,1000 × 206,134.2,064_a2fa024a-a7de-49fc-b28f-477ff7ee271c_8.0.jpg,b16120e83617a585baf5525705d07dd78b7d650856d27f4f16fb0f7db7ef4009,无需替换
065,8f85b234-53b3-4c92-8d58-a5364d0731a9,小程序轮播图,小程序轮播图,358 × 105,1000 × 206,127.9,065_8f85b234-53b3-4c92-8d58-a5364d0731a9_8.0.jpg,6499f2258b53d6deeafa5f74696f9916ece304f1646f22f7fa4e3a0e109b6672,反白
066,57b809f2-4af4-4d9c-8aaf-20980d908fc1,APP轮播图,APP轮播图,690 × 200,1000 × 206,158.2,066_57b809f2-4af4-4d9c-8aaf-20980d908fc1_8.0.jpg,2390adf1394a1ea6638876761a6f8c8cb46e5021597c63afd5a936a9c55ac8af,反白
067,a9492456-0ec4-4b57-b8b6-6e2614df97e5,APP轮播图,APP轮播图,570 × 166,1000 × 206,161.6,067_a9492456-0ec4-4b57-b8b6-6e2614df97e5_8.0.jpg,13b6a8c9533a9605b62cb09cbc2ccd09de62966c4db4b01d9fbc90f413f9d99e,反白
068,5107f78d-1a76-44f1-aa57-0b7d3c1da04b,APP轮播图,APP轮播图,690 × 200,1000 × 206,139.9,068_5107f78d-1a76-44f1-aa57-0b7d3c1da04b_8.0.jpg,8eda31180e46de55cf98df021c2f1650ab0771750c97257df7f93ed7dd65bb1f,反白
069,3dc6710c-098d-40f7-8532-1a6ed96f328c,APP轮播图,APP轮播图,2362 × 684,1000 × 206,111.7,069_3dc6710c-098d-40f7-8532-1a6ed96f328c_8.0.jpg,a3877cda50a8492cd628e9c88b4f2d409d18b86d79ba8a0b60469775e1048d92,无需替换
070,b93418cd-819d-4915-bc90-7520724e568c,APP轮播图 / 小程序轮播图,APP轮播图,690 × 200,1000 × 206,152.3,070_b93418cd-819d-4915-bc90-7520724e568c_8.0.jpg,fb7a7e072658d227f429fd8e944d3dc6b0f150ac015e6e418e7a581f41956ecb,无需替换
071,114d5435-b87e-4495-bba9-c0479cf52465,小程序轮播图,小程序轮播图,358 × 105,1000 × 206,131.5,071_114d5435-b87e-4495-bba9-c0479cf52465_8.0.jpg,9afcfc0cd4111c56e901a80306aaf89df42233b83e7caf02a44f1434a286e09a,无需替换
072,cf46ae0b-11a8-4ff3-b1fa-2480d522b1f5,小程序轮播图,小程序轮播图,690 × 300,1000 × 206,140.8,072_cf46ae0b-11a8-4ff3-b1fa-2480d522b1f5_8.0.jpg,7af96fda67e4bd8c923f9b23253ff27db0989decf742c42f1b5ff18b47e28ec8,无需替换
073,e4721ccc-b8b3-48f3-9410-273012a8039d,APP轮播图 / 小程序轮播图,APP轮播图,690 × 200,1000 × 206,148.8,073_e4721ccc-b8b3-48f3-9410-273012a8039d_8.0.jpg,4bc90b673a3c017c72c6a0291ca5500d6a8dea826e6095b66f1759159d93ca63,无需替换
074,bc3010ff-39e3-444b-99f5-16e296d871d5,APP轮播图,APP轮播图,690 × 200,1000 × 206,167.3,074_bc3010ff-39e3-444b-99f5-16e296d871d5_8.0.jpg,e8aaedb37a399c31ae7c260b57e6fc705355d6d06c4b3af1211b4f0794d69b4f,反白
075,dac506f8-3922-45ba-b0b6-cc455bea3c3f,APP轮播图,APP轮播图,995 × 292,1000 × 206,209.4,075_dac506f8-3922-45ba-b0b6-cc455bea3c3f_8.0.jpg,52cc43415d9b30c47b0b3b13188b99521aa181d108c1ae8581147a46b1005629,无需替换
076,c638335c-762b-4902-be2e-9bad83375d87,APP轮播图 / 小程序轮播图,APP轮播图,690 × 200,1000 × 206,154.8,076_c638335c-762b-4902-be2e-9bad83375d87_8.0.jpg,d4acdb3bce04fd4ff6b7b7568cd5ac0dc935d7f3eb05bf641d5a6f47ce359838,无需替换
077,a088a5f4-ff98-46ed-a3de-e253e2c4ae41,APP轮播图 / 小程序轮播图,小程序轮播图,1074 × 315,1000 × 206,172.1,077_a088a5f4-ff98-46ed-a3de-e253e2c4ae41_8.0.jpg,8f8621fb0141d574f49ccc8da152949ab1ffd7976b1c9363832f8076c17a94c4,无需替换
078,5c8cc080-d121-4f9d-87ca-ef39ef3a32a2,APP轮播图 / 小程序轮播图,APP轮播图,690 × 200,1000 × 206,142.5,078_5c8cc080-d121-4f9d-87ca-ef39ef3a32a2_8.0.jpg,b3244a11fe22a1d9eb12c532c86ac9a1dc6a9691d48dc7b82424d00ac84079c3,无需替换
079,9bd23f6f-280f-4712-85a1-0ff7ad540470,APP轮播图 / 小程序轮播图,APP轮播图,750 × 400,1000 × 206,138.2,079_9bd23f6f-280f-4712-85a1-0ff7ad540470_8.0.jpg,b6fa01f870b40f757c9bb7b50868da4bba38e0582e93e16fc054c57b591d3545,无需替换
080,16d9ed95-ae82-451c-a726-e0daa2e0041d,APP轮播图 / 小程序轮播图,APP轮播图,750 × 400,1000 × 206,158.1,080_16d9ed95-ae82-451c-a726-e0daa2e0041d_8.0.jpg,82e02735932d8662e3e5613afe4c774d95acd3d17049aa7b2521d7f270ddbe1e,无需替换
081,f589bb76-ed44-43eb-9701-5f0ac983e5fb,APP轮播图 / 小程序轮播图,APP轮播图,690 × 200,1000 × 206,123.0,081_f589bb76-ed44-43eb-9701-5f0ac983e5fb_8.0.jpg,5db53aafcc443b41065307b26ed85a5b43b1736cc11294f0238e9aa29ef6a0ee,无需替换
082,32af156c-832d-4810-9681-68e82820ac6c,APP轮播图,APP轮播图,690 × 200,1000 × 206,122.6,082_32af156c-832d-4810-9681-68e82820ac6c_8.0.jpg,77ad1d324fb64af8316317df88751656fed9987f71ae434766c12ec0488e7eb1,无需替换
083,1f9c9e91-0fc9-43c3-bff0-e31fc7520490,APP轮播图 / 小程序轮播图,APP轮播图,690 × 200,1000 × 206,169.5,083_1f9c9e91-0fc9-43c3-bff0-e31fc7520490_8.0.jpg,4f69e4e599ea93a1189541d77181e1ca748b7ee601e2be48f0c891f35ee10e9d,无需替换
084,74c49210-effa-429c-ad53-36cb1a859134,APP轮播图 / 小程序轮播图,APP轮播图,610 × 240,1000 × 206,169.2,084_74c49210-effa-429c-ad53-36cb1a859134_8.0.jpg,5ab87a7d717bd501bde9e36e021a483a6699aeb88222d5aa1a4bd6e8ae56dc44,无需替换
085,31d6c7c8-adab-4830-b8df-67a2320cbef7,APP轮播图 / 小程序轮播图,APP轮播图,690 × 200,1000 × 206,184.2,085_31d6c7c8-adab-4830-b8df-67a2320cbef7_8.0.jpg,802500fafd93d088849da2029bdd439c6307f2f13d7dc5b00ba1469ba1d8f2be,无需替换
086,c3bb0e6d-50be-41be-bdd5-c2c307ea34d0,APP轮播图 / 小程序轮播图,APP轮播图,690 × 200,1000 × 206,171.8,086_c3bb0e6d-50be-41be-bdd5-c2c307ea34d0_8.0.jpg,6c6c5cdd6466ab0d9fbae11b66d940d55c2c9c752bea85403bccff3bba15f29a,无需替换
087,6b0d52fa-58f6-409f-910a-87a8d4854ebe,APP轮播图,APP轮播图,690 × 200,1000 × 206,122.0,087_6b0d52fa-58f6-409f-910a-87a8d4854ebe_8.0.jpg,da48c9290420df3ffcace01496923bc950f3a507dd9518cb7a88e2d5002f312d,反白
088,2b3f6940-d6f3-4804-88e9-c20e86d57fe1,APP轮播图,APP轮播图,1920 × 883,1000 × 206,152.5,088_2b3f6940-d6f3-4804-88e9-c20e86d57fe1_8.0.jpg,4451725e9ce43f9d06894e3dd735c1732f22169e81eadd3a1fdeaa608b0d9975,无需替换
089,3b1f3219-0a1f-491c-9c49-dc2fbfba62a3,APP轮播图 / 小程序轮播图,APP轮播图,690 × 200,1000 × 206,144.2,089_3b1f3219-0a1f-491c-9c49-dc2fbfba62a3_8.0.jpg,e3df0d0d3e08987ec23927e379d9529ee40fa81340469a05f6cd2b66293c4814,彩色+反白
090,3c3ca205-5c0b-4b8f-9f0e-6079eae6cd4c,APP轮播图,APP轮播图,690 × 200,1000 × 206,114.9,090_3c3ca205-5c0b-4b8f-9f0e-6079eae6cd4c_8.0.jpg,d9db526a78886ee02df028ba9ca49a617731bd9c9e5769534deb99f06f2e22f5,无需替换
091,f05fd68b-a592-4b84-99a0-ce7a5bb1e83f,小程序轮播图,小程序轮播图,358 × 105,1000 × 206,118.3,091_f05fd68b-a592-4b84-99a0-ce7a5bb1e83f_8.0.jpg,3cafcd37b9ff637aa7c79ca2c3509f707f0b3daee1e7c1b6f1857a8b0830c8a4,反白
092,8c33c466-fc05-4777-b4eb-c15ae58ef490,APP轮播图,APP轮播图,690 × 200,1000 × 206,160.9,092_8c33c466-fc05-4777-b4eb-c15ae58ef490_8.0.jpg,bdc14832f155a16eb1aa220cbf19e0fc4329abb4f728379c13f3a206fcb6d480,无需替换
093,9dafb88b-ce51-4ef5-baeb-e3ec5a1358ba,APP轮播图 / 小程序轮播图,APP轮播图,690 × 200,1000 × 206,173.6,093_9dafb88b-ce51-4ef5-baeb-e3ec5a1358ba_8.0.jpg,b2a67e10ea87022e7bff69e2660bd27c02a1d8c8d27daa163e27ff0ed24e12fc,无需替换
094,f24d94ac-4a08-4b59-82db-7995c840de08,APP轮播图 / 小程序轮播图,APP轮播图,716 × 210,1000 × 206,210.4,094_f24d94ac-4a08-4b59-82db-7995c840de08_8.0.jpg,3b7eb0d2651037f8b18b578af85824c52caa8a8ca7128b5fa7c289798ace4000,无需替换
095,78c6e74e-8203-455d-a5c7-b1fe3d844b52,APP轮播图,APP轮播图,690 × 200,1000 × 206,141.7,095_78c6e74e-8203-455d-a5c7-b1fe3d844b52_8.0.jpg,4a8d60a0a82d998ee48bb5470b86ce65a0ecd96162ab67c093f9801f5476c783,无需替换
096,2ad264f6-1a64-40c8-b7ba-872c2393129f,小程序轮播图,小程序轮播图,358 × 105,1000 × 206,148.7,096_2ad264f6-1a64-40c8-b7ba-872c2393129f_8.0.jpg,2061baaa949fd85a773bf7b67634978a3012b181571a6fed48193570a5c39063,无需替换
097,d2122c90-28d9-45a8-a066-d411443d4b12,APP轮播图,APP轮播图,670 × 229,1000 × 206,106.5,097_d2122c90-28d9-45a8-a066-d411443d4b12_8.0.jpg,babd3a8dc64c7230f0d838d862cbc22c35b446a21fe2aaf5dac2f3951bba8c2f,无需替换
098,ecc4210e-5903-4f0e-8e56-1fee02378573,APP轮播图 / 小程序轮播图,APP轮播图,690 × 200,1000 × 206,170.4,098_ecc4210e-5903-4f0e-8e56-1fee02378573_8.0.jpg,699bab98c047858f7ae86202480bd61bfcdd358b37786a7c48e341e504af105e,无需替换
099,e7e1da7e-4c62-4bea-9493-b136317ddb00,小程序轮播图,小程序轮播图,1074 × 315,1000 × 206,136.6,099_e7e1da7e-4c62-4bea-9493-b136317ddb00_8.0.jpg,1bb8b3a8e2d3325e611afdd1f0b7e7bbb769370d3f5cbf241a499cebc08898c8,反白
100,b0a3713d-18a3-4ea3-bf61-a821849f670e,APP轮播图,APP轮播图,690 × 200,1000 × 206,137.8,100_b0a3713d-18a3-4ea3-bf61-a821849f670e_8.0.jpg,f0fc71d47c899bc3ca0c81d606b48fb238b9530b2102753691974f8d34ccc6d5,无需替换
101,46e49611-f7a6-46a6-a82a-615fbdd800ce,APP轮播图 / 小程序轮播图,APP轮播图,690 × 200,1000 × 206,113.5,101_46e49611-f7a6-46a6-a82a-615fbdd800ce_8.0.jpg,80e15eb90f60245f7ecd9d7de288e3ecf63d179d609da314d5c16975e57b0965,反白
102,3ec9e5c9-7735-446d-9fc8-ce754265a3a9,小程序轮播图,小程序轮播图,1074 × 315,1000 × 206,136.6,102_3ec9e5c9-7735-446d-9fc8-ce754265a3a9_8.0.jpg,1bb8b3a8e2d3325e611afdd1f0b7e7bbb769370d3f5cbf241a499cebc08898c8,反白
103,0f94ec0b-6b5e-4256-9ace-2ec587dc1c88,APP轮播图,APP轮播图,690 × 200,1000 × 206,124.4,103_0f94ec0b-6b5e-4256-9ace-2ec587dc1c88_8.0.jpg,1202455459dddd13b6a14e4c16352eda50cb483a7704486a7f782e409c83b3f7,无需替换
104,779611f9-be11-4c8f-b47f-c33c32766703,APP轮播图,APP轮播图,690 × 200,1000 × 206,91.4,104_779611f9-be11-4c8f-b47f-c33c32766703_8.0.jpg,d92d75c4d3c3c9c38ef4a4984b3dd890ad902f0c541a3445e05ba0c34d619fb7,无需替换
105,81a0abae-249b-4cd1-bac1-58ab85482551,APP轮播图 / 小程序轮播图,APP轮播图,690 × 200,1000 × 206,142.8,105_81a0abae-249b-4cd1-bac1-58ab85482551_8.0.jpg,91c6cc9599e87939532de1f11889a192ec44b3d797cce677b8d321e656793e08,无需替换
106,aa71aaf2-9ae0-451a-8d11-aaeb85326c0c,小程序轮播图,小程序轮播图,1074 × 315,1000 × 206,136.6,106_aa71aaf2-9ae0-451a-8d11-aaeb85326c0c_8.0.jpg,1bb8b3a8e2d3325e611afdd1f0b7e7bbb769370d3f5cbf241a499cebc08898c8,反白
107,0ec8184c-ec7c-4e65-a4dc-0ccd3d59185e,小程序轮播图,小程序轮播图,1074 × 315,1000 × 206,136.6,107_0ec8184c-ec7c-4e65-a4dc-0ccd3d59185e_8.0.jpg,1bb8b3a8e2d3325e611afdd1f0b7e7bbb769370d3f5cbf241a499cebc08898c8,反白
108,59481d13-ab13-4d76-a79b-8a9ea6eb2428,小程序轮播图,小程序轮播图,1074 × 315,1000 × 206,136.6,108_59481d13-ab13-4d76-a79b-8a9ea6eb2428_8.0.jpg,1bb8b3a8e2d3325e611afdd1f0b7e7bbb769370d3f5cbf241a499cebc08898c8,反白
109,23055116-9131-45e6-9f8a-7ffc51ccbb05,小程序轮播图,小程序轮播图,1074 × 315,1000 × 206,136.6,109_23055116-9131-45e6-9f8a-7ffc51ccbb05_8.0.jpg,1bb8b3a8e2d3325e611afdd1f0b7e7bbb769370d3f5cbf241a499cebc08898c8,反白
110,e219d5dd-4f14-4ce6-9851-cf186dd76be6,小程序轮播图,小程序轮播图,1074 × 315,1000 × 206,136.6,110_e219d5dd-4f14-4ce6-9851-cf186dd76be6_8.0.jpg,1bb8b3a8e2d3325e611afdd1f0b7e7bbb769370d3f5cbf241a499cebc08898c8,反白
111,4fb390d1-51b2-4dea-93ff-b88b3852217e,小程序轮播图,小程序轮播图,1074 × 315,1000 × 206,136.6,111_4fb390d1-51b2-4dea-93ff-b88b3852217e_8.0.jpg,1bb8b3a8e2d3325e611afdd1f0b7e7bbb769370d3f5cbf241a499cebc08898c8,反白
112,30638f26-b2bc-4cf4-bf8f-b9584971cbfe,小程序轮播图,小程序轮播图,1074 × 315,1000 × 206,136.6,112_30638f26-b2bc-4cf4-bf8f-b9584971cbfe_8.0.jpg,1bb8b3a8e2d3325e611afdd1f0b7e7bbb769370d3f5cbf241a499cebc08898c8,反白
113,8e20689a-d0fd-421a-aa7d-454099ea131c,小程序轮播图,小程序轮播图,1074 × 315,1000 × 206,136.6,113_8e20689a-d0fd-421a-aa7d-454099ea131c_8.0.jpg,1bb8b3a8e2d3325e611afdd1f0b7e7bbb769370d3f5cbf241a499cebc08898c8,反白
114,a7404244-55d0-4923-a121-9c679714d919,小程序轮播图,小程序轮播图,1074 × 315,1000 × 206,136.6,114_a7404244-55d0-4923-a121-9c679714d919_8.0.jpg,1bb8b3a8e2d3325e611afdd1f0b7e7bbb769370d3f5cbf241a499cebc08898c8,反白
115,ef76aedc-6753-4fe4-a0b1-064e4d8e4e27,小程序轮播图,小程序轮播图,1074 × 315,1000 × 206,136.6,115_ef76aedc-6753-4fe4-a0b1-064e4d8e4e27_8.0.jpg,1bb8b3a8e2d3325e611afdd1f0b7e7bbb769370d3f5cbf241a499cebc08898c8,反白
116,1206bb78-1382-4c3a-8966-aa747615ef06,小程序轮播图,小程序轮播图,1074 × 315,1000 × 206,136.6,116_1206bb78-1382-4c3a-8966-aa747615ef06_8.0.jpg,1bb8b3a8e2d3325e611afdd1f0b7e7bbb769370d3f5cbf241a499cebc08898c8,反白
117,3b068231-9818-45bf-8d5c-14f96b6bc573,APP轮播图,APP轮播图,690 × 200,1000 × 206,123.5,117_3b068231-9818-45bf-8d5c-14f96b6bc573_8.0.jpg,4b953c1af6b86611033860704d35a1629b87d0504f7b6b407ed4fe18cd86a101,无需替换
118,d9250ca3-a413-4625-8c3f-61f549a39ba7,APP轮播图,APP轮播图,750 × 400,1000 × 206,174.2,118_d9250ca3-a413-4625-8c3f-61f549a39ba7_8.0.jpg,6fbc045a4d4f48f57b659bcaec58ca2cd9189940deb7c50c7355762f11dfa08e,无需替换
119,待补充,待补充,用户补充原图,1074 × 315,1000 × 206,197.9,119_此地生活节_8.0.jpg,10d22243b7e6ac9206fe8d1172cfa5488cc15e1c9212997a6725b2a8d7cba330,无需替换
